City,Cloudiness,Country,Date,Humidity,Max_Temp,Lat,Lng,Wind_Speed
Ponta Delgada,75,PT,1588039151,93,62.6,37.73,-25.67,6.2
Stony Plain,75,CA,1588039151,37,53.6,53.53,-114.0,3.6
Rikitea,25,PF,1588039151,82,77.144,-23.12,-134.97,6.03
Talnakh,25,RU,1588039151,85,21.2,69.49,88.4,4.0
Grindavik,75,IS,1588039152,75,41.0,63.84,-22.43,0.5
Lompoc,1,US,1588039152,67,64.994,34.64,-120.46,5.7
Mnogovershinnyy,22,RU,1588039152,81,35.222,53.94,139.92,1.34
Rapid Valley,1,US,1588039152,45,66.2,44.06,-103.15,8.2
Hong Kong,0,HK,1588039069,37,82.004,22.29,114.16,4.92
Butaritari,100,KI,1588039152,84,80.798,3.07,172.79,6.52
Iquique,90,CL,1588039124,68,66.2,-20.22,-70.14,2.6
Hilo,1,US,1588039152,58,82.4,19.73,-155.09,4.6
Xiazhen,0,CN,1588039153,28,68.27,34.8,117.11,4.78
Mataura,36,NZ,1588039153,59,60.008,-46.19,168.86,4.92
Vaini,75,TO,1588039153,74,78.80000000000001,-21.2,-175.2,6.7
Magrath,75,CA,1588039153,75,46.004000000000005,49.42,-112.87,8.2
Sovetskiy,98,RU,1588039153,90,38.894,61.36,63.58,2.53
Ribeira Grande,21,PT,1588039153,71,57.866,38.52,-28.7,6.51
Airai,49,TL,1588039153,38,71.672,-8.93,125.41,1.92
Bluff,78,NZ,1588039154,59,60.008,-46.6,168.33,4.92
Itarema,100,BR,1588039154,87,76.49600000000001,-2.92,-39.92,3.31
George Town,20,MY,1588039154,88,84.2,5.41,100.34,0.5
Punta Arenas,20,CL,1588039154,92,30.2,-53.15,-70.92,2.1
Saint Paul Harbor,1,US,1588039154,56,51.8,57.79,-152.41,3.1
Yazykovo,79,RU,1588039154,89,44.852000000000004,55.22,56.14,2.99
Oksovskiy,95,RU,1588039154,97,27.104,62.61,39.9,1.69
Busselton,45,AU,1588039154,44,64.004,-33.65,115.33,5.32
The Valley,20,AI,1588039117,69,80.6,18.22,-63.06,4.6
Provideniya,8,RU,1588039155,68,28.4,64.38,-173.3,1.0
Ushuaia,98,AR,1588039155,81,42.8,-54.8,-68.3,6.7
Mar del Plata,90,AR,1588039115,100,60.998000000000005,-38.0,-57.56,7.2
São Filipe,100,CV,1588039155,76,73.94,14.9,-24.5,3.33
Kapaa,40,US,1588039155,69,80.6,22.08,-159.32,8.7
Florián,100,CO,1588039155,63,64.05799999999999,5.8,-73.97,1.68
Cape Town,0,ZA,1588039037,87,62.006,-33.93,18.42,0.5
Kysyl-Syr,83,RU,1588039156,79,35.51,63.9,122.76,1.21
Saskylakh,43,RU,1588039156,94,21.2,71.92,114.08,0.85
Arraial do Cabo,0,BR,1588039156,69,74.174,-22.97,-42.03,1.97
Esperance,90,AU,1588039156,67,59.0,-33.87,121.9,9.8
Severo-Kuril'sk,94,RU,1588039156,93,33.152,50.68,156.12,7.19
Hengshui,0,CN,1588038950,28,74.732,37.73,115.7,7.02
Longyearbyen,75,SJ,1588039156,62,24.8,78.22,15.64,4.1
Upernavik,100,GL,1588039156,98,28.472,72.79,-56.15,5.61
Oktyabr'skoye,100,RU,1588039157,100,42.8,43.06,44.74,4.0
Lagoa,98,PT,1588039157,70,57.074,39.05,-27.98,7.1
Faanui,2,PF,1588039157,76,83.31800000000001,-16.48,-151.75,6.06
Albany,100,US,1588039016,93,39.992000000000004,42.6,-73.97,0.89
Codajás,100,BR,1588039157,97,74.858,-3.84,-62.06,0.81
Hithadhoo,100,MV,1588039157,76,83.876,-0.6,73.08,6.37
New Norfolk,91,AU,1588039158,49,66.992,-42.78,147.06,2.68
Hasaki,75,JP,1588039158,71,62.995999999999995,35.73,140.83,2.6
Weiser,20,US,1588039158,37,71.6,44.25,-116.97,1.5
Atuona,55,PF,1588039158,76,83.084,-9.8,-139.03,7.72
Santa Ana,20,US,1588038865,60,77.0,33.75,-117.87,4.6
Kiryat Gat,0,IL,1588039142,68,59.0,31.61,34.76,2.47
Kaitangata,3,NZ,1588039159,53,57.866,-46.28,169.85,3.5
Bilma,5,NE,1588039159,12,83.30000000000001,18.69,12.92,1.07
Gīdam,0,IN,1588039159,54,81.10400000000001,18.98,81.4,1.01
Maniitsoq,100,GL,1588039159,96,30.073999999999998,65.42,-52.9,4.31
Karachi,40,PK,1588038872,78,80.6,24.91,67.08,4.6
Saint-Pierre,75,RE,1588039159,78,71.6,-21.34,55.48,3.6
Thompson,75,CA,1588039160,58,30.2,55.74,-97.86,4.6
Bredasdorp,2,ZA,1588039160,82,55.400000000000006,-34.53,20.04,2.6
Kaeo,100,NZ,1588039160,72,71.99600000000001,-35.1,173.78,2.68
Port Alfred,100,ZA,1588039160,84,64.004,-33.59,26.89,3.13
Bambanglipuro,59,ID,1588039160,74,83.408,-7.95,110.28,3.98
Dikson,100,RU,1588039160,96,20.264000000000003,73.51,80.55,5.28
Mandalgovi,93,MN,1588039161,12,68.28800000000001,45.76,106.27,6.72
Jardim,0,BR,1588039161,57,73.544,-21.48,-56.14,3.47
Rognan,40,NO,1588039161,59,33.8,67.1,15.39,5.7
Norman Wells,75,CA,1588039161,54,30.2,65.28,-126.83,4.1
Barrow,90,US,1588039161,78,14.0,71.29,-156.79,5.1
Edéa,40,CM,1588039162,94,75.2,3.8,10.13,1.0
Champasak,40,LA,1588039162,61,78.80000000000001,14.75,106.0,2.1
Husavik,0,IS,1588039162,73,32.0,66.04,-17.34,1.5
Huilong,0,CN,1588039162,45,66.992,31.81,121.66,0.45
Ponta do Sol,20,PT,1588039162,59,62.6,32.67,-17.1,2.6
Arlit,7,NE,1588039162,11,85.244,18.74,7.39,1.95
Carnarvon,57,AU,1588039163,60,69.80000000000001,-24.87,113.63,10.3
Drayton Valley,93,CA,1588039163,49,46.994,53.22,-114.99,5.25
Karaton,20,ID,1588039163,78,82.994,-6.34,106.1,2.1
Raja,100,SS,1588039163,64,73.724,8.46,25.68,4.0
Camacha,20,PT,1588039163,77,60.8,33.08,-16.33,3.6
Gwadar,0,PK,1588039164,87,79.05199999999999,25.12,62.33,2.21
Aswān,4,EG,1588039164,19,79.628,24.09,32.91,3.14
Avarua,100,CK,1588039164,83,80.6,-21.21,-159.78,2.6
Merced,25,US,1588038963,39,82.004,37.17,-120.75,4.47
Pontassieve,100,IT,1588039164,93,55.994,43.77,11.43,1.0
Bengkulu,80,ID,1588039164,70,81.93199999999999,-3.8,102.27,0.84
Bousso,100,TD,1588039164,42,85.856,10.48,16.71,3.16
Ust-Kuyga,100,RU,1588039164,93,21.884,70.02,135.6,2.91
Mahébourg,75,MU,1588039165,69,75.2,-20.41,57.7,4.6
Port Elizabeth,75,ZA,1588039165,82,60.8,-33.92,25.57,2.1
Bereda,90,ES,1588039165,99,51.008,43.27,-7.54,2.68
Maria Aurora,10,PH,1588039165,56,87.25999999999999,15.8,121.47,3.11
Muros,60,ES,1588039165,87,53.006,42.78,-9.06,0.45
Umluj,0,SA,1588039165,50,74.012,25.02,37.27,0.52
Gondanglegi,100,ID,1588039166,75,82.652,-7.75,112.01,3.46
Guerrero Negro,2,MX,1588039166,77,67.208,27.98,-114.06,6.7
Contla,63,MX,1588039166,23,66.848,19.33,-98.17,1.91
Bulgan,23,MN,1588039166,36,56.948,48.81,103.53,2.46
‘Āhuimanu,40,US,1588039166,61,84.2,21.44,-157.84,5.7
East London,100,ZA,1588038955,75,65.03,-33.02,27.91,7.3
Ust-Nera,97,RU,1588039166,76,31.496,64.57,143.2,1.53
Caucaia,20,BR,1588039166,88,78.80000000000001,-3.74,-38.65,2.47
Bethel,90,US,1588039167,80,41.0,41.37,-73.41,3.1
Antalaha,20,MG,1588039167,86,74.876,-14.9,50.28,3.23
Tigil',1,RU,1588039167,91,34.07,57.8,158.67,3.26
Santa Lucía,20,ES,1588039167,77,66.2,27.91,-15.54,3.1
Hobart,40,AU,1588039167,48,66.992,-42.88,147.33,7.2
São Pedro do Sul,100,BR,1588039167,94,68.0,-29.62,-54.18,2.1
Narsaq,29,GL,1588039168,64,35.6,60.92,-46.05,1.5
Mitsamiouli,100,KM,1588039168,74,82.112,-11.38,43.28,3.12
Buraidah,0,SA,1588039168,40,68.0,26.33,43.98,1.5
Zapolyarnyy,100,RU,1588039168,79,26.6,69.42,30.81,4.1
Kramat,100,ID,1588039168,69,83.012,-8.13,113.45,1.04
Rawson,22,AR,1588038965,91,56.732,-43.3,-65.1,4.26
Cherskiy,100,RU,1588039169,98,32.468,68.75,161.3,1.02
Padang,100,ID,1588039169,63,83.426,-0.95,100.35,0.82
Ziro,91,IN,1588039169,52,57.938,27.63,93.83,0.61
Gull Lake,1,CA,1588039169,29,60.8,50.1,-108.48,9.3
Senno,12,RU,1588039169,95,28.4,59.53,33.92,1.43
Cidreira,99,BR,1588039169,82,69.962,-30.18,-50.21,10.26
Sorong,46,ID,1588039170,83,81.644,-0.88,131.25,2.66
Skierniewice,80,PL,1588039170,50,50.0,51.95,20.16,4.3
Orbetello,40,IT,1588039170,87,59.0,42.44,11.22,1.5
Mae Sot,20,TH,1588039170,78,78.80000000000001,16.72,98.57,2.13
Hermanus,24,ZA,1588039170,83,58.19,-34.42,19.23,7.4
Nikolskoye,61,RU,1588039170,86,30.2,59.7,30.79,1.07
Vila Velha,3,BR,1588039171,93,71.99600000000001,-20.33,-40.29,0.5
Ilulissat,100,GL,1588039171,92,30.2,69.22,-51.1,3.6
Sitka,90,US,1588039171,81,44.6,57.05,-135.33,6.7
Nanortalik,0,GL,1588039171,95,32.216,60.14,-45.24,1.59
Fairbanks,1,US,1588039111,30,46.4,64.84,-147.72,4.1
Alta Floresta,99,BR,1588039171,86,71.888,-9.88,-56.09,1.0
Gazli,0,UZ,1588039171,61,64.75999999999999,40.13,63.45,4.97
Clyde River,20,CA,1588039171,84,5.0,70.47,-68.59,2.6
Sioux Lookout,75,CA,1588039172,66,51.8,50.1,-91.92,2.1
San Cristobal,80,VE,1588039172,56,68.828,7.77,-72.22,0.99
Bajos de Haina,0,DO,1588039172,75,76.55000000000001,18.42,-70.03,1.1
Port-Gentil,84,GA,1588039172,77,81.446,-0.72,8.78,2.52
Nome,90,US,1588038874,79,26.996000000000002,64.5,-165.41,3.1
Havre-St-Pierre,1,CA,1588039172,78,32.0,50.23,-63.6,3.1
Tuktoyaktuk,40,CA,1588039172,78,15.8,69.45,-133.04,7.7
Solton,77,RU,1588039173,67,60.602000000000004,52.84,86.48,1.62
Poum,0,NC,1588039173,68,78.638,-20.23,164.02,6.41
Kieta,0,PG,1588039173,62,87.368,-6.22,155.63,2.56
Cujmir,0,RO,1588039173,59,48.452,44.21,22.93,0.94
Lüderitz,0,NA,1588039173,82,59.0,-26.65,15.16,3.6
Ensley,1,US,1588039173,52,69.80000000000001,30.52,-87.27,4.1
Yellowknife,75,CA,1588039150,59,37.004,62.46,-114.35,7.2
Stargard,100,PL,1588039174,61,51.008,53.34,15.05,2.6
Quatre Cocos,75,MU,1588039174,69,75.2,-20.21,57.76,4.6
Vágur,83,FO,1588039174,68,42.278,61.47,-6.81,9.91
Ahipara,100,NZ,1588039174,73,66.72200000000001,-35.17,173.17,4.68
Leningradskiy,1,RU,1588039174,90,30.596,69.38,178.42,1.29
Ilebo,100,CD,1588039174,86,71.186,-4.32,20.58,0.34
Lorengau,71,PG,1588039174,69,86.28800000000001,-2.02,147.27,3.82
Camaná,61,PE,1588039174,79,67.532,-16.62,-72.71,3.87
Wanning,17,CN,1588039175,67,77.882,18.8,110.4,3.23
Morristown,1,US,1588038955,54,55.400000000000006,36.21,-83.29,1.14
Gomel,11,BY,1588039175,69,37.4,52.43,30.98,2.0
Jamestown,1,US,1588038978,42,46.4,42.1,-79.24,1.5
Burla,0,IN,1588039175,57,79.34,21.5,83.87,1.19
Sistranda,0,NO,1588039175,65,41.0,63.73,8.83,4.1
Homer,1,US,1588039175,45,48.2,59.64,-151.55,6.7
Mackay,75,AU,1588039175,88,78.99799999999999,-21.15,149.2,5.7
Klaksvík,99,FO,1588039176,80,39.2,62.23,-6.59,3.6
Bambous Virieux,75,MU,1588039176,69,75.2,-20.34,57.76,4.6
Luanda,75,AO,1588039127,88,77.0,-8.84,13.23,5.7
Manama,0,BH,1588039176,50,77.0,26.22,50.58,3.1
Kruisfontein,100,ZA,1588039176,84,54.68,-34.0,24.73,1.6
Mount Isa,0,AU,1588038980,27,86.0,-20.73,139.5,5.7
Pishin,30,PK,1588039176,23,69.08000000000001,30.58,67.0,1.06
Popondetta,53,PG,1588039177,64,87.584,-8.75,148.25,2.07
Saint-Philippe,75,RE,1588039177,78,73.4,-21.36,55.77,3.6
Tiksi,100,RU,1588039177,91,21.2,71.69,128.87,0.39
Nioro,72,GM,1588039177,25,80.20400000000001,13.35,-15.75,3.62
Rincon,20,US,1588038986,55,64.4,32.3,-81.24,0.12
Wum,73,CM,1588039178,67,64.904,6.38,10.07,1.24
Sakaiminato,20,JP,1588039178,54,59.0,35.55,133.23,3.1
Zhigansk,68,RU,1588039178,92,27.302,66.77,123.37,1.9
Vanavara,77,RU,1588039178,44,54.284000000000006,60.34,102.28,4.26
Ancud,40,CL,1588039178,100,55.994,-41.87,-73.82,3.6
Shimoda,40,JP,1588039178,72,60.8,34.67,138.95,2.6
Broome,90,US,1588039179,93,39.992000000000004,42.25,-75.83,3.6
Cabo San Lucas,40,MX,1588039179,19,89.6,22.89,-109.91,4.1
Pringsewu,49,ID,1588039179,80,80.294,-5.36,104.97,2.27
Edirne,0,TR,1588039179,87,46.166,41.68,26.56,1.09
Tabat,100,ID,1588039179,92,79.178,-2.63,115.23,1.77
Henties Bay,0,NA,1588039179,96,55.994,-22.12,14.28,2.51
Los Llanos de Aridane,75,ES,1588039179,72,66.2,28.66,-17.92,3.1
Cassilândia,7,BR,1588039180,72,67.49600000000001,-19.11,-51.73,1.47
Kitui,53,KE,1588039180,71,62.257999999999996,-1.37,38.01,1.3
Paita,86,PE,1588038996,76,71.672,-5.09,-81.11,7.05
Oistins,40,BB,1588039041,69,80.6,13.07,-59.53,8.7
North Bend,90,US,1588039180,93,57.2,43.41,-124.22,4.1
Marzuq,53,YE,1588039180,49,74.804,14.4,46.47,2.24
Inhambane,0,MZ,1588039180,72,68.864,-23.86,35.38,1.14
Misrikh,0,IN,1588039181,40,82.47200000000001,27.45,80.52,2.59
Winneba,54,GH,1588039181,88,80.6,5.35,-0.62,0.5
Włodawa,100,PL,1588039181,67,39.2,51.55,23.55,1.0
Puerto Ayora,72,EC,1588039181,89,78.008,-0.74,-90.35,2.68
Tuatapere,90,NZ,1588039181,59,60.008,-46.13,167.68,4.92
Talara,56,PE,1588039181,79,72.01400000000001,-4.58,-81.27,7.81
Port-Cartier,5,CA,1588039181,63,33.998,50.03,-66.87,1.5
Atbasar,100,KZ,1588039182,84,56.965999999999994,51.8,68.33,1.17
Matagami,90,CA,1588039182,33,42.8,49.75,-77.63,3.1
Kajiado,20,KE,1588039182,100,59.0,-1.85,36.78,1.5
Taltal,0,CL,1588039182,62,64.346,-25.4,-70.48,2.52
Pochutla,60,MX,1588039182,61,80.06,15.74,-96.47,1.99
Lastoursville,100,GA,1588039182,88,72.71600000000001,-0.81,12.73,0.22
Qaanaaq,100,GL,1588039182,93,21.002,77.48,-69.36,3.9
Road Town,81,VG,1588039153,84,80.006,18.42,-64.62,0.45
Lebu,7,CL,1588039183,90,53.834,-37.62,-73.65,3.5
Port Keats,54,AU,1588039183,44,87.81800000000001,-14.25,129.55,2.56
Rome,90,US,1588038962,75,42.8,43.21,-75.46,1.31
Ghanzi,65,BW,1588039183,30,68.53999999999999,-21.57,21.78,3.69
Nemuro,20,JP,1588039183,43,51.8,43.32,145.57,6.2
Comodoro Rivadavia,2,AR,1588039183,82,55.400000000000006,-45.87,-67.5,2.1
Pevek,100,RU,1588039184,97,26.222,69.7,170.31,4.01
Makakilo City,75,US,1588039184,65,84.2,21.35,-158.09,4.6
Srednekolymsk,100,RU,1588039184,98,32.9,67.45,153.68,1.84
Del Rio,75,US,1588039052,60,87.80000000000001,29.36,-100.9,13.4
Tasiilaq,100,GL,1588039184,92,34.952,65.61,-37.64,7.08
Torbay,90,CA,1588039184,80,33.998,47.67,-52.73,2.1
Mount Gambier,100,AU,1588039184,67,59.0,-37.83,140.77,7.7
Pisco,63,PE,1588039185,72,69.008,-13.7,-76.22,8.2
Vardø,100,NO,1588039185,93,28.724,70.37,31.11,5.37
Namatanai,100,PG,1588039185,67,86.30600000000001,-3.67,152.43,1.04
Zonguldak,0,TR,1588039185,73,41.9,41.25,31.83,1.42
Alice Springs,88,AU,1588039088,24,89.6,-23.7,133.88,6.2
Kamaishi,75,JP,1588039185,50,51.8,39.27,141.88,1.5
Faya,28,SA,1588039186,67,64.4,18.39,42.45,0.43
Nan,90,TH,1588039186,83,75.2,18.83,100.67,1.5
Coruripe,91,BR,1588039186,85,77.55799999999999,-10.13,-36.18,2.13
Casalpusterlengo,100,IT,1588039186,78,60.998000000000005,45.18,9.65,1.11
Sinnamary,61,GF,1588039186,84,77.36,5.38,-52.95,4.3
Anyama,76,CI,1588039186,94,78.80000000000001,5.49,-4.05,0.5
Bandarbeyla,47,SO,1588039186,75,82.976,9.49,50.81,4.96
Almaznyy,59,RU,1588039186,70,42.8,48.04,40.05,3.0
Paamiut,45,GL,1588039187,97,30.488,61.99,-49.67,3.9
La Mesa,5,US,1588038948,56,73.994,32.77,-117.02,3.6
Kavieng,25,PG,1588039187,70,85.712,-2.57,150.8,2.55
Vavuniya,100,LK,1588039187,85,79.916,8.75,80.5,0.91
Kathmandu,0,NP,1588039014,42,66.03800000000001,27.72,85.32,0.28
San Jerónimo,87,PE,1588039187,29,47.696,-11.95,-75.28,1.31
Okha,65,RU,1588039187,84,35.474,53.57,142.95,1.31
Sola,84,VU,1588039187,77,81.626,-13.88,167.55,4.02
Bilibino,100,RU,1588039188,89,30.722,68.05,166.44,1.24
Zhangjiakou,0,CN,1588039188,16,65.894,40.81,114.88,1.63
Muscat,15,OM,1588039188,70,86.0,23.61,58.59,6.2
São João da Barra,0,BR,1588039188,72,70.574,-21.64,-41.05,2.13
Gravdal,1,NO,1588039188,85,33.944,68.12,13.5,4.55
Constitución,91,CL,1588039188,88,56.408,-35.33,-72.42,1.38
Iquitos,40,PE,1588039189,88,78.80000000000001,-3.75,-73.25,0.57
Salalah,20,OM,1588039189,83,82.4,17.02,54.09,2.1
Dakar,0,SN,1588039189,88,69.80000000000001,14.69,-17.44,5.1
Imbituba,75,BR,1588039189,78,73.4,-28.24,-48.67,4.6
Krasnoarmeysk,63,RU,1588039189,86,46.994,51.02,45.7,0.45
Tahe,0,CN,1588039189,32,54.932,52.33,124.73,4.85
Lensk,100,RU,1588039189,70,49.01,60.73,114.93,6.01
Williston,100,US,1588039190,32,64.994,48.15,-103.62,1.34
Hobyo,85,SO,1588039190,79,83.804,5.35,48.53,6.1
Te Anau,95,NZ,1588039190,55,54.752,-45.42,167.72,2.88
Khatanga,100,RU,1588039190,97,18.914,71.97,102.5,5.11
Khandyga,100,RU,1588039190,93,30.362,62.67,135.6,1.78
Lasem,96,ID,1588039190,71,83.822,-6.69,111.45,2.84
Chui,100,UY,1588039191,88,63.95,-33.7,-53.46,5.64
Tekirdağ,0,TR,1588039191,87,48.2,40.98,27.51,4.6
Kloulklubed,90,PW,1588039191,94,77.0,7.04,134.26,5.1
Haines Junction,71,CA,1588039191,52,43.304,60.75,-137.51,1.13
Nara,20,JP,1588039054,36,66.00200000000001,34.69,135.8,1.5
Ottawa,75,CA,1588039013,48,46.004000000000005,45.41,-75.7,3.1
Rājnagar,0,IN,1588039191,28,86.036,24.88,79.92,1.94
Mehamn,98,NO,1588039191,94,24.692,71.04,27.85,2.81
Esmeraldas,1,BR,1588039026,68,66.2,-19.76,-44.31,4.1
Buala,40,SB,1588039192,71,86.378,-8.14,159.59,2.65
Ṭikāpur,57,NP,1588039019,73,66.992,28.5,81.13,0.45
Sydney,84,AU,1588038677,66,73.004,-33.87,151.21,1.34
Iqaluit,90,CA,1588039120,78,17.6,63.75,-68.51,2.1
Tacuarembó,100,UY,1588039192,82,67.55000000000001,-31.73,-55.98,4.25
Yangi Marg`ilon,58,UZ,1588039192,49,69.80000000000001,40.43,71.72,6.2
Tautira,12,PF,1588039193,62,87.80000000000001,-17.73,-149.15,5.7
Edelira,0,PY,1588039193,51,67.56800000000001,-26.75,-55.27,1.39
Demyansk,0,RU,1588039193,93,28.886,57.64,32.47,0.77
Peniche,12,PT,1588039193,81,55.994,39.36,-9.38,0.45
Alenquer,40,BR,1588039194,94,78.80000000000001,-1.94,-54.74,1.5
Katsuyama,40,JP,1588039194,67,57.2,36.06,136.5,3.6
Yar-Sale,93,RU,1588039194,96,28.868,66.83,70.83,1.36
Sobolevo,0,RU,1588039194,84,33.62,54.43,31.9,1.61
Kīhei,40,US,1588039194,58,82.4,20.79,-156.47,12.9
Tura,99,IN,1588039194,62,77.18,25.52,90.22,1.25
Ussel,100,FR,1588039194,79,47.192,45.55,2.32,1.93
Zalegoshch',0,RU,1588039195,78,34.952,52.9,36.89,2.82
Saquena,99,PE,1588039195,91,74.462,-4.67,-73.52,0.41
Ixtapa,20,MX,1588039070,65,78.80000000000001,20.7,-105.2,2.1
Bāndarban,75,BD,1588039195,83,78.80000000000001,22.2,92.23,1.3
Katsuura,75,JP,1588039195,76,62.006,35.13,140.3,2.1
Taoudenni,26,ML,1588039195,15,83.22800000000001,22.68,-3.98,1.89
Sur,0,OM,1588039195,43,88.73599999999999,22.57,59.53,3.79
Vestmanna,93,FO,1588039196,80,39.2,62.16,-7.17,3.6
Norfolk,90,US,1588039039,86,39.2,42.17,-71.25,4.1
Isangel,75,VU,1588039196,62,84.2,-19.55,169.27,4.1
Codrington,100,AU,1588039196,50,64.886,-38.27,141.97,8.65
Baiyin,0,CN,1588039144,14,64.004,36.56,104.21,1.0
Viedma,100,AR,1588039196,93,58.64,-40.81,-63.0,3.47
El Alto,23,PE,1588039196,74,70.952,-4.27,-81.21,7.87
Greenwood,1,US,1588039196,62,57.2,34.17,-82.12,1.5
Ishigaki,40,JP,1588039197,73,75.2,24.34,124.16,8.7
Rezh,98,RU,1588039197,72,47.372,57.37,61.4,0.86
Berbera,3,SO,1588039197,68,86.738,10.44,45.01,0.35
Klyuchi,100,RU,1588039197,50,64.994,52.27,79.17,6.84
Castro,13,BR,1588039197,72,56.641999999999996,-24.79,-50.01,3.19
Tarata,61,BO,1588039197,48,62.6,-17.62,-66.02,2.1
Malanville,0,BJ,1588039197,42,89.384,11.87,3.39,3.49
Zhoucheng,0,CN,1588039198,30,69.98,35.91,116.31,6.76
Lavrentiya,0,RU,1588039198,92,23.881999999999998,65.58,-171.0,3.66
Sisimiut,71,GL,1588039198,94,30.812,66.94,-53.67,8.34
Andenes,60,NO,1588039198,59,33.8,69.31,16.12,3.1
Adrar,8,MR,1588039198,15,81.446,20.5,-10.07,3.58
Cockburn Town,22,TC,1588039194,81,79.124,21.46,-71.14,7.04
Sedlčany,1,CZ,1588039198,69,48.002,49.66,14.43,1.86
Geraldton,90,AU,1588039198,52,69.80000000000001,-28.77,114.6,5.1
Villazón,0,BO,1588039198,25,53.708,-22.09,-65.59,3.93
Lata,48,PT,1588039199,96,53.006,40.16,-8.33,0.45
Suntar,100,RU,1588039199,92,38.966,62.14,117.63,2.29
Rudnichnyy,100,RU,1588039199,92,34.394,59.62,52.47,2.04
Flinders,60,AU,1588039199,70,73.004,-34.58,150.86,2.24
Kandrian,0,PG,1588039199,60,87.116,-6.22,149.55,3.43
Udachny,75,RU,1588039199,93,32.0,66.42,112.4,1.0
Banda Aceh,94,ID,1588039060,77,80.636,5.56,95.32,2.52
Mildura,100,AU,1588039200,55,66.00200000000001,-34.2,142.15,4.6
Teahupoo,13,PF,1588039200,62,87.80000000000001,-17.83,-149.27,5.7
Nuuk,2,GL,1588039200,97,32.0,64.18,-51.72,2.1
Phulbāni,30,IN,1588039200,48,82.22,20.47,84.23,1.04
San Juan,0,AR,1588039004,51,67.982,-31.54,-68.54,5.62
Naze,75,JP,1588039201,56,71.6,28.37,129.48,7.2
Iskateley,100,RU,1588039201,98,29.983999999999998,67.68,53.15,4.55
Killybegs,44,IE,1588039202,81,41.504000000000005,54.63,-8.45,2.56
Luleå,29,SE,1588038987,63,28.4,65.58,22.15,3.6
Atar,3,MR,1588039203,18,77.25200000000001,20.52,-13.05,1.73
Burnie,95,AU,1588039203,75,60.998000000000005,-41.07,145.92,6.71
Opočno,95,CZ,1588039204,43,53.006,50.27,16.11,0.45
Lamu,100,KE,1588039205,83,80.564,-2.27,40.9,4.68
Kopargaon,0,IN,1588039205,43,78.74600000000001,19.88,74.48,3.01
Catuday,0,PH,1588039206,68,84.56,16.29,119.81,3.8
Seredka,91,RU,1588039206,79,26.6,58.16,28.19,1.0
Virginia Beach,20,US,1588039059,62,53.996,36.85,-75.98,3.6
Novy Urengoy,99,RU,1588039207,96,30.236,66.08,76.63,1.89
Kongolo,100,CD,1588039207,82,70.77199999999999,-5.38,27.0,1.02
College,20,US,1588039207,24,46.4,64.86,-147.8,2.6
Panjāb,100,AF,1588039208,29,46.364000000000004,34.39,67.02,1.35
Champerico,17,GT,1588039208,70,85.44200000000001,14.3,-91.92,2.95
Newport,100,GB,1588039134,81,55.004,51.59,-3.0,5.64
Mpongwe,27,ZM,1588039209,56,57.2,-13.51,28.16,2.04
Saint-Joseph,75,RE,1588039209,78,71.6,-21.37,55.62,3.6
Buy,0,RU,1588039210,94,31.028,58.48,41.53,2.63
Wattegama,79,LK,1588039210,77,80.726,6.8,81.48,0.56
Kiama,45,AU,1588039210,65,73.004,-34.68,150.87,5.81
Ulaangom,24,MN,1588039211,25,64.652,49.98,92.07,2.38
Nicoya,95,CR,1588039204,88,71.99600000000001,10.15,-85.45,10.28
Nipawin,75,CA,1588038937,65,46.4,53.37,-104.0,4.6
Boysun,100,UZ,1588039212,35,65.876,38.21,67.2,1.96
Khuzdar,0,PK,1588039213,18,74.84,27.74,66.64,1.46
Gold Coast,75,AU,1588039161,61,78.99799999999999,-28.0,153.43,4.1
Ola,0,RU,1588039213,91,29.786,59.58,151.28,1.22
Tabuk,29,PH,1588039213,66,83.606,17.42,121.44,1.45
Yenagoa,99,NG,1588039213,93,76.316,4.92,6.26,1.97
Nelson Bay,75,AU,1588039213,60,73.994,-32.72,152.15,4.6
Chokurdakh,100,RU,1588039213,97,20.444,70.63,147.92,3.12
Launceston,90,AU,1588039214,71,60.008,-41.45,147.17,9.3
Khairāgarh,6,IN,1588039214,43,81.73400000000001,26.95,77.82,4.75
Abapó,0,BO,1588039214,63,69.02600000000001,-18.83,-63.47,0.76
Coldingham,13,GB,1588039215,74,39.992000000000004,55.89,-2.16,2.55
Dalbandin,0,PK,1588039215,29,79.61,28.89,64.41,2.63
Abu Kamal,100,SY,1588039215,32,67.49600000000001,34.45,40.92,4.02
Saint George,1,US,1588039215,7,87.80000000000001,37.1,-113.58,5.7
Portoferraio,61,IT,1588039215,98,64.004,42.81,10.31,2.68
Taywarah,46,AF,1588039215,30,49.424,33.35,64.42,2.48
Itaqui,0,BR,1588038927,64,73.742,-29.13,-56.55,4.16
Port Lincoln,88,AU,1588039216,57,68.612,-34.73,135.87,8.96
Port Hardy,75,CA,1588039216,71,51.8,50.7,-127.42,3.6
Karatau,88,KZ,1588039217,42,71.006,43.17,70.47,12.74
Ngudu,80,TZ,1588039217,64,63.338,-2.97,33.33,2.43
Neuquén,0,AR,1588039217,87,53.6,-38.95,-68.06,1.5
Richards Bay,100,ZA,1588039217,87,66.902,-28.78,32.04,5.1
Meulaboh,86,ID,1588039217,79,81.554,4.14,96.13,0.65
Mossamedes,83,AO,1588039218,65,72.98599999999999,-15.2,12.15,3.59
Hare Bay,40,CA,1588039218,80,30.2,48.85,-54.01,3.1
Mae Sai,20,TH,1588039218,88,75.00200000000001,20.43,99.88,1.5
Velyka Bahachka,0,UA,1588039218,81,38.606,49.79,33.72,3.06
Suez,52,EG,1588039218,47,70.52,29.97,32.53,3.37
Pampa,1,US,1588039218,30,71.6,35.54,-100.96,3.6
Great Yarmouth,100,GB,1588039218,97,48.992000000000004,52.61,1.73,0.45
Salinópolis,88,BR,1588039219,83,78.782,-0.61,-47.36,1.49
Saldanha,0,ZA,1588039219,74,60.26,-33.01,17.94,2.85
Coahuayana Viejo,0,MX,1588039219,63,74.876,18.73,-103.68,0.81
Porto Velho,75,BR,1588039112,94,75.2,-8.76,-63.9,2.1
Mahon,0,ES,1588039219,93,60.8,39.89,4.27,6.2
Nishihara,40,JP,1588039220,60,73.4,26.18,127.76,3.1
Manavālakurichi,40,IN,1588039220,74,84.2,8.13,77.3,2.1
Ferrol,83,ES,1588039220,82,53.996,43.48,-8.24,0.45
Cap Malheureux,13,MU,1588039220,79,71.99600000000001,-19.98,57.61,2.24
Vila Franca do Campo,75,PT,1588039220,93,62.6,37.72,-25.43,6.2
Borba,100,BR,1588039221,95,75.164,-4.39,-59.59,0.17
Muaná,56,BR,1588039221,93,75.83000000000001,-1.53,-49.22,2.06
Baghdad,100,IQ,1588039222,28,71.6,33.34,44.4,2.6
Liverpool,97,GB,1588039056,76,50.0,53.41,-2.98,1.5
Jackson,90,US,1588039222,49,69.80000000000001,42.42,-122.83,6.2
Springfield,1,US,1588039045,82,57.992000000000004,37.22,-93.3,1.5
Yairipok,99,IN,1588039223,52,70.68199999999999,24.67,94.07,0.59
Bonavista,0,CA,1588039223,87,32.0,48.65,-53.11,0.89
Chistogorskiy,100,RU,1588039223,60,60.008,53.98,87.38,1.58
Asău,0,RO,1588039223,65,39.992000000000004,46.43,26.4,1.71
Avera,1,US,1588039223,72,59.0,33.19,-82.53,1.62
Chilca,68,PE,1588039224,77,68.0,-12.52,-76.74,4.6
Gijón,100,ES,1588039224,90,53.006,43.54,-5.66,2.48
Honningsvåg,100,NO,1588039224,91,28.688,70.98,25.97,3.29
Santa Isabel Rio Negro,100,BR,1588039224,97,74.19200000000001,-0.41,-65.02,1.01
Kathu,40,TH,1588039224,74,84.2,7.92,98.33,4.1
Phan Thiet,67,VN,1588039186,50,88.178,10.93,108.1,4.94
Akdepe,90,TM,1588039225,87,57.2,42.06,59.38,5.1
Agadez,63,NE,1588039225,11,85.74799999999999,19.75,10.25,3.53
Bud,95,US,1588039225,57,62.995999999999995,39.45,-86.18,5.76
Oktyabr'skiy,100,RU,1588039225,89,44.816,54.48,53.47,2.95
Tevaitoa,0,PF,1588039226,76,83.822,-16.78,-151.5,6.01
Aklavik,20,CA,1588039226,44,21.2,68.22,-135.01,2.85
Charters Towers,48,AU,1588039226,48,80.20400000000001,-20.1,146.27,5.86
Soyo,87,AO,1588039227,87,78.872,-6.13,12.37,3.29
Rockport,40,US,1588038993,88,77.0,28.02,-97.05,8.2
Quelimane,47,MZ,1588039227,87,69.134,-17.88,36.89,1.07
Harper,67,LR,1588039227,86,78.404,4.38,-7.72,1.75
Andra,100,RU,1588039227,90,39.146,62.51,65.89,4.14
Hay River,75,CA,1588039226,52,44.6,60.82,-115.8,6.2
Keokuk,1,US,1588039228,68,66.2,40.4,-91.38,4.12
Lipari,18,IT,1588039228,83,62.006,38.47,14.95,3.05
Castelbuono,0,IT,1588039228,91,57.992000000000004,37.93,14.09,0.96
Key Largo,0,US,1588039228,67,78.008,25.09,-80.45,1.79
Havøysund,75,NO,1588039228,86,26.6,71.0,24.66,3.1
Bukama,100,CD,1588039228,73,68.666,-9.2,25.85,1.11
Piaçabuçu,63,BR,1588039228,85,77.23400000000001,-10.41,-36.43,1.01
Labuhan,100,ID,1588039229,74,83.426,-6.88,112.21,1.73
Lincoln,1,US,1588039229,41,75.2,40.8,-96.67,5.1
Jiblah,51,YE,1588039229,47,64.05799999999999,13.92,44.15,1.14
Vostok,62,RU,1588039229,42,46.112,46.49,135.88,3.14
Hamilton,40,US,1588038725,47,60.008,39.18,-84.53,3.6
Arrondissement de Nevers,100,FR,1588039230,93,51.8,46.92,3.33,4.1
Coquimbo,20,CL,1588039230,87,59.0,-29.95,-71.34,1.0
Brae,97,GB,1588039230,75,42.8,60.4,-1.35,7.2
Lufilufi,100,WS,1588039230,82,80.78,-13.87,-171.6,3.91
Chul'man,100,RU,1588039230,53,39.757999999999996,56.85,124.91,5.65
Valday,6,RU,1588039231,93,27.554,57.97,33.25,1.55
Cayce,20,US,1588039231,45,62.6,33.97,-81.07,1.43
Alofi,93,NU,1588039231,75,79.61,-19.06,-169.92,1.92
Barra Patuca,0,HN,1588039231,78,80.654,15.8,-84.28,4.56
Along,100,IN,1588039231,73,67.49600000000001,28.17,94.77,0.95
Cedar City,1,US,1588039080,16,75.2,37.68,-113.06,4.1
Sémbé,82,CG,1588039232,84,68.882,1.65,14.58,0.7
Kuito,34,AO,1588039232,48,56.534000000000006,-12.38,16.93,1.35
Walvis Bay,0,NA,1588039232,93,55.994,-22.96,14.51,1.0
Kudahuvadhoo,97,MV,1588039232,73,85.44200000000001,2.67,72.89,4.38
Juneau,90,US,1588039232,81,44.6,58.3,-134.42,8.7
Bondo,94,CD,1588039232,85,68.53999999999999,3.81,23.69,1.02
Malé,75,MV,1588039054,83,84.2,4.17,73.51,4.6
Carauari,100,BR,1588039232,95,73.85,-4.88,-66.9,1.32
Eureka,90,US,1588038966,82,64.004,40.8,-124.16,1.04
Gamba,99,GA,1588039233,91,75.758,-2.65,10.0,2.64
Caravelas,0,BR,1588039233,82,74.012,-17.71,-39.25,4.09
Sattahip,20,TH,1588039233,78,82.4,12.67,100.9,4.1
Diamantino,74,BR,1588039233,63,71.726,-14.41,-56.45,1.72
Cayenne,90,GF,1588039233,100,77.0,4.93,-52.33,4.64
Bogale,99,MM,1588039233,56,85.838,16.28,95.4,1.77
Qasigiannguit,100,GL,1588039234,92,30.2,68.82,-51.19,3.6
Homocea,0,RO,1588039234,69,39.992000000000004,46.13,27.23,0.5
Vilyuysk,99,RU,1588039234,77,36.536,63.76,121.62,1.66
Livingston,95,GB,1588039234,93,42.007999999999996,55.9,-3.52,1.5
Fukuechō,40,JP,1588039234,59,62.6,32.69,128.84,8.7
Marawi,100,PH,1588039234,81,82.994,8.0,124.29,2.24
Dolzhanskaya,0,RU,1588039234,53,46.004000000000005,46.63,37.8,3.58
Nantucket,90,US,1588039235,35,42.8,41.28,-70.1,12.3
Yichun,20,CN,1588039235,36,53.474000000000004,47.7,128.9,4.14
Kahului,40,US,1588039078,58,82.4,20.89,-156.47,12.9
Cabinda,100,AO,1588039235,87,79.16,-5.55,12.2,2.97
Xinyang,0,CN,1588039235,36,67.1,32.12,114.07,1.58
Bekhtery,0,UA,1588039235,76,48.002,46.25,32.29,2.24
Vuktyl,96,RU,1588039236,92,31.55,63.86,57.31,1.93
Seoul,1,KR,1588039121,38,60.8,37.57,126.98,4.68
Huarmey,99,PE,1588039236,82,69.02600000000001,-10.07,-78.15,4.4
Verāval,1,IN,1588039236,83,79.394,20.9,70.37,5.11
Kindersley,90,CA,1588039226,33,59.0,51.47,-109.17,9.8
Saraland,3,US,1588039236,54,68.0,30.82,-88.07,1.79
Prince Rupert,75,CA,1588039011,74,48.2,54.32,-130.32,5.7
Eyl,17,SO,1588039237,78,83.26400000000001,7.98,49.82,3.2
Manono,89,CD,1588039237,75,68.918,-7.3,27.42,1.23
Coos Bay,90,US,1588039237,93,57.2,43.37,-124.22,4.1
Haimen,84,CN,1588039237,50,75.2,23.19,116.61,2.0
Kattivākkam,40,IN,1588039237,89,84.992,13.22,80.32,1.0
Polson,100,US,1588039237,72,51.008,47.69,-114.16,2.24
Sinegor'ye,95,RU,1588039237,84,28.616,62.08,150.48,1.7
Östersund,99,SE,1588039238,93,32.0,63.18,14.64,2.6
Barra de Tecoanapa,0,MX,1588039238,82,80.132,16.52,-98.75,1.98
Vorkuta,99,RU,1588039238,95,23.648,67.5,64.0,2.05
Cochrane,75,CA,1588039225,31,51.008,51.18,-114.47,8.7
Qeshm,20,IR,1588039238,78,78.80000000000001,26.96,56.27,3.1
Marquette,92,US,1588039238,89,41.0,46.53,-87.63,0.45
Warrington,100,GB,1588039238,76,50.0,53.39,-2.58,1.5
Northam,100,GB,1588039239,91,55.004,51.03,-4.22,3.76
Ordynskoye,100,RU,1588039239,52,53.528000000000006,54.37,81.9,2.26
Tashtyp,23,RU,1588039239,56,59.36,52.79,89.9,0.87
Olkhovka,17,RU,1588039239,85,45.536,53.21,60.61,1.71
Kharan,0,PK,1588039239,28,79.358,28.58,65.42,1.31
Khilok,100,RU,1588039240,49,51.8,51.37,110.47,1.62
Natal,20,BR,1588039117,94,77.0,-5.79,-35.21,1.5
Half Moon Bay,40,US,1588039240,52,69.80000000000001,37.46,-122.43,6.2
Pinotepa Nacional,11,MX,1588039240,80,75.848,16.32,-98.02,0.41
Atyrau,35,KZ,1588039229,75,42.8,47.12,51.88,3.0
Mirny,40,RU,1588039240,81,46.4,62.54,113.96,6.0
Guane,53,CU,1588039240,84,74.804,22.2,-84.09,3.44
Petropavlovsk-Kamchatskiy,75,RU,1588039240,48,44.6,53.05,158.65,3.0
Berlevåg,100,NO,1588039241,92,26.384,70.86,29.09,3.22
Salem,8,IN,1588039210,63,81.28399999999999,11.65,78.17,0.64
Tiznit Province,65,MA,1588039241,70,56.93,29.58,-9.5,2.33
Marfino,75,RU,1588039241,93,41.0,55.7,37.38,4.0
Yulara,58,AU,1588039241,32,82.4,-25.24,130.99,8.2
Wexford,98,IE,1588039241,86,44.996,52.33,-6.46,3.82
Beringovskiy,16,RU,1588039241,94,28.094,63.05,179.32,2.45
Dingle,80,PH,1588039241,52,89.762,11.0,122.67,5.78
Smithers,40,CA,1588039186,61,48.2,54.78,-127.17,6.2
Nueva Imperial,90,CL,1588039242,100,53.6,-38.73,-72.95,1.5
Vitré,90,FR,1588039242,93,53.6,48.12,-1.21,3.1
Khorinsk,97,RU,1588039242,39,55.436,52.17,109.77,2.71
Esim,1,GH,1588039242,82,79.46600000000001,4.87,-2.24,1.47
Batagay,48,RU,1588039242,89,27.698,67.63,134.63,3.22
Greenville,1,US,1588039165,81,53.6,35.61,-77.37,2.77
Fortuna,20,US,1588039242,87,64.004,40.6,-124.16,4.1
Olafsvik,31,IS,1588039243,76,42.566,64.89,-23.71,0.45
